ACCIDENT_YEAR,COLLISION_DATE,COLLISION_TIME,MONTH,SEASON,24HOURS,DAY_OF_WEEK,INTERSECTION,WEATHER_1,STATE_HWY_IND,ROAD_SURFACE,ROAD_COND_1,LIGHTING,STWD_VEHTYPE_AT_FAULT,CHP_VEHTYPE_AT_FAULT,DIRECTION,PCF_VIOL_CATEGORY,TYPE_OF_COLLISION,PEDESTRIAN_ACCIDENT,BICYCLE_ACCIDENT,MOTORCYCLE_ACCIDENT,TRUCK_ACCIDENT,MVIW,TOW_AWAY,HIT_AND_RUN,CONTROL_DEVICE,NUMBER_INJURED,COUNT_PED_INJURED,COUNT_BICYCLIST_INJURED,COUNT_MC_INJURED,PCF_VIOLATION,PARTY_COUNT,POINT_Y,POINT_X,COLLISION_SEVERITY
2016,2016-03-21,710,3,1,7,1,N,C,Y,C,H,B,A,07,S,03,E,,,,,I,Y,N,D,1,0,0,0,22350.0,1,41.2706757,-122.20990163,3
2016,2016-03-19,1618,3,1,16,6,N,B,N,A,H,A,A,07,W,08,F,,,,,A,N,N,D,1,0,0,0,22107.0,1,41.76512102,-121.88982957,3
2016,2016-03-21,1430,3,1,14,1,N,B,Y,C,H,A,A,01,N,03,F,,,,,A,Y,N,D,1,0,0,0,22350.0,1,41.63373451,-122.19261768,4
2016,2016-03-18,2145,3,1,21,5,N,A,Y,A,H,D,B,07,N,13,G,,,,,B,Y,N,D,1,0,0,0,22515.0,1,41.66148541,-122.73640513,3
2016,2016-03-18,1900,3,1,19,5,Y,A,Y,A,H,D,A,01,,05,D,,,,Y,C,N,N,A,1,0,0,0,21650.0,2,,,4
2016,2016-03-16,645,3,1,6,3,N,A,Y,A,H,B,D,22,N,05,F,,,,,A,Y,N,D,1,0,0,0,21650.0,1,41.55081321,-122.22062883,3
2016,2016-03-12,650,3,1,6,6,N,D,Y,C,H,A,A,01,N,03,E,,,,,I,Y,N,D,1,0,0,0,22350.0,1,41.27359317,-122.25386421,4
2016,2016-03-29,458,3,1,4,2,N,A,N,A,H,D,-,- ,E,18,E,,,,,H,N,N,D,1,0,0,0,,1,41.62885859,-122.88640195,4
2016,2016-03-29,30,3,1,0,2,N,A,Y,A,H,D,D,22,W,08,E,,,,,I,Y,N,D,1,0,0,0,22107.0,1,41.85913839,-123.24009127,3
2016,2016-04-02,1925,4,1,19,6,N,A,Y,A,H,B,A,01,S,08,E,,,,,I,N,N,D,1,0,0,0,22107.0,1,41.42229243,-122.39344467,3
2016,2016-03-27,1715,3,1,17,7,N,A,N,A,H,A,C,06,W,22,E,,,Y,,I,N,N,D,2,0,0,2,,1,41.46417049,-122.89711516,3
2016,2016-04-01,612,4,1,6,5,N,A,Y,A,H,D,-,- ,S,18,E,,,,,H,Y,N,D,1,0,0,0,,1,,,3
2016,2016-04-03,2015,4,1,20,7,N,A,N,A,H,D,A,01,N,08,E,,,,,I,Y,N,D,1,0,0,0,22107.0,1,41.5755503,-122.52496185,3
2016,2016-04-04,1200,4,1,12,1,N,A,Y,A,H,A,-,- ,N,18,E,,,,,I,Y,N,D,1,0,0,0,,1,41.68696117,-122.6366282,4
2016,2016-04-08,1635,4,1,16,5,N,A,N,A,H,A,C,02,N,03,F,,,Y,,C,Y,N,D,1,0,0,1,22350.0,2,41.32775732,-122.25762926,4
2016,2016-04-03,1700,4,1,17,7,N,A,N,A,H,A,C,02,E,01,F,,,Y,,A,N,M,D,1,0,0,1,23152.0,1,41.88092175,-122.41060401,3
2016,2016-04-09,1130,4,1,11,6,N,B,Y,A,H,A,A,01,S,08,C,,,,Y,C,Y,N,D,1,0,0,0,22107.0,2,41.87395324,-122.55850579,4
2016,2016-04-10,1425,4,1,14,7,N,A,N,A,H,A,A,01,E,08,E,,,,,I,Y,N,D,1,0,0,0,22107.0,1,41.64779326,-122.49588758,3
2016,2016-04-11,2334,4,1,23,1,N,C,Y,B,H,D,G,25,N,03,E,,,,Y,I,Y,N,D,1,0,0,0,22350.0,1,41.78884643,-122.58790861,4
2016,2016-04-04,1050,4,1,10,1,N,A,Y,A,H,A,D,22,S,08,B,,,,,C,Y,N,D,3,0,0,0,22107.0,2,41.67435102,-122.69357527,3
2016,2016-04-10,2155,4,1,21,7,N,B,N,B,H,D,D,22,S,01,E,,,,,I,Y,N,D,1,0,0,0,23152.0,1,41.62288233,-122.96471844,3
2016,2016-04-20,1825,4,1,18,3,N,A,N,A,H,A,A,01,W,08,E,,,,,I,Y,N,D,2,0,0,0,22107.0,1,41.45744,-122.85298071,3
2016,2016-04-22,1050,4,1,10,5,N,B,Y,A,H,A,A,01,N,08,A,,,,,I,Y,N,D,1,0,0,0,22107.0,1,41.73397807,-122.05914961,4
2016,2016-04-22,1840,4,1,18,5,N,B,N,B,H,A,A,01,S,01,E,,,,,I,Y,N,D,1,0,0,0,23152.0,1,41.83222944,-123.17305505,2
2016,2016-04-03,1856,4,1,18,7,N,A,Y,A,H,A,A,07,N,01,F,,,,,I,Y,N,D,1,0,0,0,23152.0,1,41.49473079,-122.90636865,3
2016,2016-04-15,2110,4,1,21,5,N,A,N,A,H,D,A,07,S,08,F,,,,,A,Y,N,D,2,0,0,0,22107.0,1,41.65464742,-122.57583417,3
2016,2016-04-19,1830,4,1,18,2,N,B,N,A,H,A,-,- ,W,00,G,Y,,,,B,N,N,D,1,1,0,0,,2,41.52665614,-122.91062788,3
2016,2016-04-29,700,4,1,7,5,N,A,Y,A,H,A,-,- ,S,18,E,,,,,H,Y,N,D,1,0,0,0,,1,41.92126603,-122.57521333,4
2016,2016-05-05,715,5,1,7,4,N,A,Y,A,H,A,A,08,S,08,E,,,,,I,Y,N,D,1,0,0,0,22107.0,1,41.8191993,-122.59146813,4
2016,2016-04-27,1215,4,1,12,3,N,A,Y,A,H,A,D,22,S,08,E,,,,,I,N,N,D,1,0,0,0,22107.0,1,41.67003647,-122.69724173,4
2016,2016-04-26,730,4,1,7,2,N,A,Y,A,H,A,A,01,N,08,F,,,,,A,Y,N,D,4,0,0,0,22107.0,1,41.50821314,-122.47274958,3
2016,2016-04-29,155,4,1,1,5,N,A,N,A,H,C,A,01,S,01,C,,,,,E,Y,N,D,1,0,0,0,23152.0,2,41.25380506,-122.1296813,3
2016,2016-05-02,1302,5,1,13,1,N,B,Y,A,H,A,G,25,N,08,D,,,,Y,C,Y,N,D,2,0,0,0,22107.0,2,41.64330257,-122.74816262,3
2016,2016-05-02,2035,5,1,20,1,N,A,Y,A,H,D,-,- ,S,18,E,,,,,H,N,N,D,1,0,0,0,,1,41.58937003,-122.85724102,3
2016,2016-05-05,1655,5,1,16,4,N,C,Y,C,H,A,A,07,S,03,F,,,,,A,Y,N,D,2,0,0,0,22350.0,1,41.56594889,-122.2022857,3
2016,2016-05-10,1145,5,1,11,2,N,A,N,A,H,A,-,- ,N,18,H,,,Y,,H,Y,N,D,1,0,0,1,,1,41.68785232,-122.63519529,3
2016,2016-05-04,1520,5,1,15,3,N,B,Y,A,H,A,G,25,S,08,F,,,,Y,A,Y,N,D,1,0,0,0,22107.0,1,41.53187619,-122.47687435,3
2016,2016-05-10,1220,5,1,12,2,N,A,N,A,G,A,D,22,W,03,F,,,,,A,Y,N,D,1,0,0,0,22350.0,1,41.95203,-122.02678,3
2016,2016-01-18,1155,1,4,11,1,N,B,N,B,H,A,A,01,S,03,F,,,,,A,Y,F,D,0,0,0,0,22350.0,1,41.70346169,-122.37827003,1
2016,2016-05-13,1235,5,1,12,5,N,A,Y,A,H,A,C,02,N,05,B,,,Y,,C,Y,N,D,1,0,0,1,21460.0,2,41.60130828,-122.84637702,3
2016,2016-05-14,1700,5,1,17,6,N,B,Y,A,H,A,-,- ,S,18,H,,,,,A,N,N,D,1,0,0,0,,1,,,4
2016,2016-05-20,1010,5,1,10,5,Y,A,N,A,H,A,A,01,,06,B,,,,,C,Y,N,D,1,0,0,0,21755.0,2,41.77039995,-122.48096988,4
2016,2016-05-15,2013,5,1,20,7,N,A,N,A,H,D,D,22,N,08,E,,,,,I,Y,N,D,1,0,0,0,22107.0,1,41.81565838,-123.38179636,3
2016,2016-05-20,2145,5,1,21,5,N,B,Y,A,H,D,A,07,S,05,A,,,,,C,Y,N,D,3,0,0,0,21650.0,2,41.87926036,-121.97410067,2
2016,2016-05-28,115,5,1,1,6,N,A,Y,A,H,D,D,22,N,08,F,,,,,I,Y,N,D,1,0,0,0,22107.0,1,41.45048274,-122.44097841,4
2016,2016-06-05,1739,6,2,17,7,N,A,N,A,H,A,A,01,S,08,E,,,,,I,Y,N,D,1,0,0,0,22107.0,1,41.54941893,-122.37822772,4
2016,2016-05-25,1015,5,1,10,3,N,A,Y,A,H,A,-,- ,N,18,E,,,Y,,J,Y,N,D,1,0,0,1,,1,41.81200247,-123.01127696,3
2016,2016-05-31,1900,5,1,19,2,N,A,N,A,H,A,A,07,W,03,F,,,,,I,Y,N,D,2,0,0,0,22350.0,1,42.00133971,-123.14593345,4
2016,2016-06-05,300,6,2,3,7,N,A,N,A,H,D,-,- ,E,00,H,,,,,A,N,N,D,1,0,0,0,,1,41.5704007,-122.85205975,2
2016,2016-06-02,1430,6,2,14,4,N,A,Y,A,H,A,D,22,S,03,C,,,,,C,N,N,D,2,0,0,0,22350.0,2,41.57807337,-122.86916599,4
2016,2016-06-11,1700,6,2,17,6,N,A,Y,A,H,A,C,02,,03,F,,,Y,,A,N,N,D,1,0,0,1,22350.0,1,41.31034998,-122.76899991,3
2016,2016-06-10,330,6,2,3,5,N,A,N,A,H,D,D,22,E,08,F,,,,,I,Y,N,D,1,0,0,0,22107.0,1,41.58568259,-122.29706883,3
2016,2016-06-03,1610,6,2,16,5,Y,A,N,A,H,A,A,07,,09,D,,,,,C,Y,N,A,2,0,0,0,21802.0,2,41.25474991,-122.13855985,3
2016,2016-06-08,755,6,2,7,3,N,A,Y,A,H,A,F,26,W,08,E,,,,Y,I,N,N,D,6,0,0,0,22107.0,1,41.75094311,-123.40067042,4
2016,2016-06-12,1450,6,2,14,7,Y,A,Y,A,H,A,G,25,,08,F,,,,Y,A,Y,N,D,2,0,0,0,22107.0,1,41.28723353,-122.29842428,3
2016,2016-06-16,1710,6,2,17,4,N,A,Y,A,H,A,A,01,N,08,E,,,,,I,Y,N,D,3,0,0,0,22107.0,1,41.25292625,-122.09610979,3
2016,2016-06-22,530,6,2,5,3,N,A,Y,A,H,B,A,01,E,08,E,,,,,I,Y,N,D,1,0,0,0,22107.0,1,41.79324414,-123.33995592,4
2016,2016-06-21,1955,6,2,19,2,Y,A,N,A,H,A,A,01,,21,D,,,,,C,Y,N,A,1,0,0,0,22106.0,2,41.29148998,-122.31574998,4
2016,2016-06-19,338,6,2,3,7,N,B,Y,A,H,D,A,01,E,01,E,,,,,I,Y,N,D,1,0,0,0,23152.0,1,41.79279523,-123.33718013,3
2016,2016-06-19,1906,6,2,19,7,N,A,Y,A,H,A,D,22,W,01,E,,,,,I,Y,N,A,1,0,0,0,23152.0,1,41.78794879,-123.33213807,3
2016,2016-06-24,2020,6,2,20,5,N,A,N,A,H,A,A,01,W,03,C,,,,,C,Y,N,D,1,0,0,0,22350.0,2,41.70888702,-122.57284846,4
2016,2016-07-03,1743,7,2,17,7,N,A,Y,A,H,A,A,07,N,08,E,,,,,I,Y,N,D,2,0,0,0,22107.0,1,,,3
2016,2016-06-08,1600,6,2,16,3,N,A,Y,A,H,A,D,22,W,08,E,,,,,I,Y,N,D,0,0,0,0,22107.0,1,41.82820335,-122.96278302,1
2016,2016-06-08,1230,6,2,12,3,N,A,Y,A,H,A,A,07,N,07,B,,,,,C,N,N,D,1,0,0,0,21658.0,2,41.30274751,-122.31628761,4
2016,2016-07-04,900,7,2,9,1,N,A,Y,A,H,A,A,01,W,08,E,,,,,I,Y,N,D,1,0,0,0,22107.0,1,41.85132526,-123.22968048,4
2016,2016-06-25,1350,6,2,13,6,N,A,N,A,H,A,A,01,S,08,E,,,,,I,Y,N,D,1,0,0,0,22107.0,1,41.34092322,-122.35212551,2
2016,2016-06-29,2120,6,2,21,3,N,A,N,A,H,D,D,22,,08,E,,,,,I,Y,N,D,1,0,0,0,22107.0,1,41.33426997,-122.34984991,4
2016,2016-07-01,1202,7,2,12,5,Y,A,Y,A,H,A,A,01,,09,D,,,,,C,Y,N,A,3,0,0,0,21802.0,2,,,3
2016,2016-07-08,1315,7,2,13,5,N,B,Y,B,H,A,A,01,N,03,C,,,,Y,C,Y,N,D,1,0,0,0,22350.0,2,41.80060416,-122.58222291,3
2016,2016-07-09,1503,7,2,15,6,N,A,Y,A,H,A,A,01,N,03,C,,,,,C,Y,N,D,3,0,0,0,22350.0,2,,,3
2016,2016-07-13,1605,7,2,16,3,N,A,Y,A,D,A,-,- ,S,18,E,,,,,J,Y,N,D,1,0,0,0,,1,41.39599571,-122.37919103,2
2016,2016-07-17,715,7,2,7,7,N,A,Y,A,H,A,C,02,N,08,F,,,Y,,A,Y,N,D,1,0,0,1,22107.0,1,41.81084578,-122.59195462,3
2016,2016-07-12,1015,7,2,10,2,N,A,Y,A,H,A,A,01,S,08,E,,,,,I,Y,N,D,2,0,0,0,22107.0,1,,,3
2016,2016-07-15,2122,7,2,21,5,N,A,N,A,H,D,A,01,S,03,E,,,,,I,Y,N,D,3,0,0,0,22350.0,1,41.26940191,-122.3320301,2
2016,2016-07-15,1628,7,2,16,5,N,A,N,A,H,A,D,22,E,01,E,,,,,I,Y,N,D,1,0,0,0,23152.0,2,41.40094792,-122.41950441,4
2016,2016-07-13,1000,7,2,10,3,N,A,N,A,H,A,-,- ,N,18,H,,Y,,,H,N,N,D,1,0,1,0,,1,,,3
2016,2016-07-21,529,7,2,5,4,N,A,Y,A,H,B,A,01,S,08,C,,,,Y,C,Y,N,D,1,0,0,0,22107.0,2,41.28381291,-122.30020054,4
2016,2016-07-13,536,7,2,5,3,N,A,Y,A,H,B,A,01,S,08,F,,,,,A,Y,N,D,1,0,0,0,22107.0,1,,,3
2016,2016-06-29,505,6,2,5,3,N,A,Y,A,H,D,N,60,N,11,G,Y,,,Y,B,N,N,D,0,0,0,0,21956.0,2,41.265025,-121.93342467,1
2016,2016-07-18,2045,7,2,20,1,Y,A,N,A,H,A,A,01,,12,D,,,,,C,Y,N,A,1,0,0,0,22450.0,3,41.41416989,-122.38355986,4
2016,2016-07-21,1650,7,2,16,4,N,A,N,A,H,A,D,22,N,08,E,,,,,I,Y,N,D,1,0,0,0,22107.0,1,41.40635265,-122.43007061,4
2016,2016-07-19,1305,7,2,13,2,N,A,Y,A,H,A,A,01,N,08,F,,,,,A,Y,N,D,1,0,0,0,22107.0,1,41.65082462,-122.74201376,3
2016,2016-07-19,1621,7,2,16,2,N,A,Y,A,H,E,A,01,S,01,E,,,,,I,Y,N,D,2,0,0,0,23152.0,1,,,3
2016,2016-07-29,654,7,2,6,5,N,A,Y,A,H,A,D,22,S,08,F,,,,,A,Y,N,D,2,0,0,0,22107.0,1,,,3
2016,2016-07-20,915,7,2,9,3,N,A,Y,A,H,A,D,22,W,08,E,,,,,I,Y,N,D,1,0,0,0,22107.0,1,41.83435866,-123.29770289,2
2016,2016-07-26,1325,7,2,13,2,N,A,Y,A,H,A,A,07,N,08,E,,,,,I,Y,N,D,2,0,0,0,22107.0,1,41.42788501,-122.40002537,3
2016,2016-07-23,1640,7,2,16,6,N,A,Y,A,H,A,A,08,N,01,F,,,,,I,Y,N,D,1,0,0,0,23152.0,1,41.66968489,-122.70495705,3
2016,2016-07-22,1836,7,2,18,5,N,A,N,A,H,A,A,01,N,08,D,,,,,C,Y,N,D,2,0,0,0,22107.0,2,41.54521548,-122.37358231,4
2016,2016-07-30,2145,7,2,21,6,N,A,N,A,H,D,A,01,E,01,F,,,,,I,Y,N,D,1,0,0,0,23152.0,1,41.75619675,-122.56608635,3
2016,2016-07-29,1610,7,2,16,5,N,A,Y,A,H,A,A,07,S,01,C,,,,,C,Y,N,D,1,0,0,0,23152.0,2,,,4
2016,2016-07-25,745,7,2,7,1,N,A,Y,A,H,A,D,22,E,08,E,,,,,I,Y,N,D,3,0,0,0,22107.0,1,41.83151903,-122.65544653,3
2016,2016-08-02,1215,8,2,12,2,N,A,Y,A,H,A,C,02,E,08,E,,,Y,,I,Y,N,D,2,0,0,2,22107.0,1,41.8341266,-122.84698255,3
2016,2016-08-08,1108,8,2,11,1,N,A,Y,A,H,A,A,01,N,08,E,,,,,I,Y,N,D,1,0,0,0,22107.0,1,,,4
2016,2016-07-30,1626,7,2,16,6,N,A,Y,A,H,A,A,07,S,03,F,,,,,A,Y,N,D,1,0,0,0,22350.0,1,41.53896302,-122.9065934,3
2016,2016-08-05,1645,8,2,16,5,N,B,Y,B,F,A,A,07,N,03,E,,,,,I,Y,N,D,2,0,0,0,22350.0,1,41.77301337,-122.58294998,4
2016,2016-08-02,1650,8,2,16,2,Y,A,Y,A,H,A,A,08,,09,D,,,Y,,C,Y,N,D,1,0,0,1,21802.0,2,41.5526801,-122.90068023,2
2016,2016-08-09,1010,8,2,10,2,N,A,Y,A,H,A,-,- ,S,18,F,,,Y,,H,N,N,D,1,0,0,1,,1,41.75194066,-122.62912522,4
2016,2016-07-28,240,7,2,2,4,N,A,Y,A,H,D,D,22,N,08,E,,,,,I,Y,N,D,1,0,0,0,22107.0,1,41.55123615,-122.22000795,4
2016,2016-08-15,1400,8,2,14,1,N,A,Y,A,H,A,A,01,S,08,E,,,,,I,Y,N,D,1,0,0,0,22107.0,1,41.72545831,-122.63559101,3
2016,2016-08-17,2500,8,2,25,3,N,A,Y,A,H,C,A,01,S,08,E,,,,,I,Y,N,D,1,0,0,0,22107.0,1,41.56594889,-122.2022857,3
2016,2016-08-12,822,8,2,8,5,N,A,Y,A,H,A,A,07,S,08,F,,,,,A,Y,N,A,1,0,0,0,22107.0,1,,,3
2016,2016-08-11,1811,8,2,18,4,N,A,N,A,H,A,B,07,S,08,F,,,,,A,Y,N,D,4,0,0,0,22107.0,1,41.24613972,-122.39183554,3
2016,2016-08-12,2255,8,2,22,5,N,A,Y,A,H,D,A,01,S,08,E,,,,,I,Y,N,D,1,0,0,0,22107.0,1,41.2485942,-122.25827938,3
2016,2016-08-13,1313,8,2,13,6,N,A,Y,A,H,A,D,22,N,08,E,,,,,I,Y,N,D,1,0,0,0,22107.0,1,,,3
2016,2016-08-18,1655,8,2,16,4,N,A,Y,A,H,A,A,01,S,08,F,,,,,A,Y,N,D,1,0,0,0,22107.0,1,41.59146027,-122.50246839,3
2016,2016-08-20,150,8,2,1,6,N,A,Y,A,H,D,-,- ,N,18,E,,,,,H,Y,N,D,1,0,0,0,,1,41.94208303,-122.58661892,3
2016,2016-08-20,957,8,2,9,6,N,A,N,A,H,A,F,21,E,08,E,,,,Y,I,Y,N,D,1,0,0,0,22107.0,1,41.87836703,-122.41860953,3
2016,2016-08-28,1415,8,2,14,7,N,A,N,A,H,A,A,01,W,21,G,Y,,,,B,N,N,D,1,1,0,0,22106.0,2,41.77704,-122.74277,3
2016,2016-06-26,1530,6,2,15,7,N,A,N,A,H,A,I,12,N,08,F,,,,,A,N,N,D,15,0,0,0,22107.0,1,41.96671222,-122.21122868,2
2016,2016-08-11,2120,8,2,21,4,N,A,Y,A,H,D,A,01,S,08,E,,,,,I,Y,N,D,0,0,0,0,22107.0,1,41.26722,-121.91752,1
2016,2016-09-03,513,9,3,5,6,N,A,Y,A,D,D,A,01,S,08,F,,,,,A,Y,N,A,6,0,0,0,22107.0,1,41.41156995,-122.37988036,3
2016,2016-09-05,1818,9,3,18,1,N,A,Y,A,H,A,D,22,N,08,E,,,,,I,Y,N,D,1,0,0,0,22107.0,1,41.6492299,-122.74342364,2
2016,2016-09-06,1000,9,3,10,2,N,A,Y,A,H,A,A,01,S,03,C,,,,,C,Y,N,D,1,0,0,0,22350.0,2,41.27945739,-122.29256574,3
2016,2016-09-11,1909,9,3,19,7,N,A,Y,A,H,B,A,01,N,08,E,,,,,I,Y,N,D,1,0,0,0,22107.0,1,,,3
2016,2016-08-27,550,8,2,5,6,N,A,Y,A,H,B,A,01,S,08,E,,,,,I,N,N,D,2,0,0,0,22107.0,1,41.99527712,-121.51590089,2
2016,2016-09-10,900,9,3,9,6,N,A,N,A,H,A,-,- ,N,18,H,,Y,,,H,N,N,D,2,0,2,0,,2,41.59869674,-122.97419891,2
2016,2016-09-02,130,9,3,1,5,N,F,N,A,H,D,A,01,S,01,E,,,,,I,Y,N,D,1,0,0,0,23152.0,1,41.56472017,-122.85430209,3
2016,2016-09-08,1227,9,3,12,4,N,A,Y,A,H,A,A,01,S,03,C,,,,Y,C,Y,N,D,1,0,0,0,22350.0,2,41.2352874,-122.26986406,3
2016,2016-09-16,2100,9,3,21,5,N,A,Y,A,H,D,A,01,S,08,E,,,,,I,Y,N,D,1,0,0,0,22107.0,1,41.26883399,-122.19411085,4
2016,2016-09-17,1228,9,3,12,6,N,A,Y,A,H,A,A,01,N,08,E,,,,,I,Y,N,D,2,0,0,0,22107.0,1,41.62517896,-122.82606603,4
2016,2016-09-16,1335,9,3,13,5,N,A,N,A,H,A,D,22,W,08,E,,,,,I,Y,N,D,1,0,0,0,22107.0,1,41.61233497,-122.88442222,3
2016,2016-09-24,643,9,3,6,6,N,A,N,A,H,A,A,07,E,08,F,,,,,A,Y,N,D,1,0,0,0,22107.0,1,41.56223059,-122.26116031,3
2016,2016-09-22,1203,9,3,12,4,N,C,N,B,H,A,A,01,N,03,E,,,,,I,Y,N,D,1,0,0,0,22350.0,1,41.37906809,-122.38772392,4
2016,2016-09-25,1620,9,3,16,7,N,A,Y,A,H,A,-,- ,S,18,H,,,Y,,H,Y,N,D,1,0,0,1,,1,41.2579616,-122.00959745,2
2016,2016-09-14,852,9,3,8,3,N,A,Y,A,H,A,G,25,N,03,F,,,,Y,A,Y,N,D,1,0,0,0,22350.0,1,41.73951,-122.62646,4
2016,2016-10-02,1510,10,3,15,7,N,B,N,B,H,A,D,22,S,08,E,,,,,I,Y,N,D,2,0,0,0,22107.0,1,41.68110344,-122.36977083,2
2016,2016-09-29,715,9,3,7,4,N,A,Y,A,H,B,G,25,N,05,E,,,,Y,I,Y,F,D,1,0,0,0,21460.0,2,41.19712851,-121.74530062,3
2016,2016-10-09,1342,10,3,13,7,Y,A,Y,A,H,A,A,07,,09,D,,,,,C,Y,N,D,3,0,0,0,21801.0,2,41.25118816,-122.13623389,4
2016,2016-10-06,1225,10,3,12,4,N,A,N,A,H,A,A,07,N,08,F,,,,,A,Y,N,D,2,0,0,0,22107.0,1,41.77827341,-122.52255099,2
2016,2016-10-04,1430,10,3,14,2,N,A,N,A,H,A,C,06,E,08,E,,,Y,,I,Y,N,D,1,0,0,1,22107.0,1,41.53811175,-122.54769461,2
2016,2016-10-11,1140,10,3,11,2,N,A,Y,A,H,A,A,01,N,03,C,,,,,C,Y,N,D,2,0,0,0,22350.0,3,41.68111869,-122.06437324,4
2016,2016-09-26,1723,9,3,17,1,N,A,N,A,H,A,A,07,S,08,D,,,,,C,Y,N,D,2,0,0,0,22107.0,2,41.49283772,-122.3622838,3
2016,2016-10-24,940,10,3,9,1,N,B,N,A,H,A,A,07,S,08,F,,,,,A,Y,N,D,1,0,0,0,22107.0,1,41.76273658,-122.62743877,4
2016,2016-10-24,1410,10,3,14,1,N,B,Y,B,H,A,A,01,N,03,E,,,,,I,Y,N,D,2,0,0,0,22350.0,1,,,4
2016,2016-08-19,905,8,2,9,5,N,A,Y,A,H,A,-,- ,N,18,H,,,,,A,Y,N,D,0,0,0,0,,1,41.64334969,-122.13759951,1
2016,2016-10-21,1145,10,3,11,5,N,A,Y,A,H,A,-,- ,N,18,E,,,,,H,Y,N,D,1,0,0,0,,1,41.27641702,-122.26046426,4
2016,2016-10-27,1019,10,3,10,4,N,B,Y,B,H,A,I,20,S,03,E,,,,,I,N,N,D,2,0,0,0,22350.0,1,41.23341672,-122.27243972,4
2016,2016-10-20,1725,10,3,17,4,N,A,Y,A,H,A,A,08,N,06,B,,,,,C,N,M,D,1,0,0,0,21751.0,2,,,4
2016,2016-10-29,2230,10,3,22,6,N,B,N,B,H,D,A,01,N,01,E,,,,,I,N,N,D,3,0,0,0,23152.0,1,41.68703549,-122.63431036,4
2016,2016-10-28,2145,10,3,21,5,N,B,Y,B,H,D,A,01,N,01,E,,,,,I,Y,N,D,1,0,0,0,23152.0,1,,,3
2016,2016-11-13,1650,11,3,16,7,N,A,Y,A,H,A,A,01,N,03,A,,,,,C,Y,N,D,1,0,0,0,22350.0,2,,,4
2016,2016-11-05,1430,11,3,14,6,N,B,N,A,H,A,A,01,W,03,E,,,,,I,Y,N,D,2,0,0,0,22350.0,1,41.9014459,-122.07291573,3
2016,2016-11-05,2116,11,3,21,6,N,C,N,B,H,D,D,22,N,01,E,,,,,I,N,N,D,1,0,0,0,23152.0,1,41.68324706,-122.63935184,3
2016,2016-11-19,300,11,3,3,6,N,D,Y,C,H,D,D,22,S,03,F,,,,,A,Y,N,D,1,0,0,0,22350.0,1,41.38574945,-122.37589552,4
2016,2016-11-22,1630,11,3,16,2,N,B,N,C,H,A,D,22,N,03,F,,,,,A,Y,N,D,1,0,0,0,22350.0,1,41.33238048,-122.25515296,4
2016,2016-11-12,1224,11,3,12,6,Y,A,N,A,H,A,D,23,,09,D,,,,,C,N,N,D,1,0,0,0,21801.0,2,41.55161994,-122.38057987,4
2016,2016-11-18,1715,11,3,17,5,N,B,Y,A,H,D,A,01,S,03,C,,,,,C,Y,N,D,1,0,0,0,22350.0,2,41.51831113,-122.90675071,4
2016,2016-11-25,1820,11,3,18,5,N,A,Y,A,H,D,A,07,S,03,C,,,,,C,Y,N,D,1,0,0,0,22350.0,2,41.68211248,-122.63148811,4
2016,2016-11-27,1320,11,3,13,7,N,B,Y,A,H,A,G,25,S,03,C,,,,Y,C,N,N,D,1,0,0,0,22350.0,2,41.4318868,-122.42899004,4
2016,2016-11-19,1045,11,3,10,6,Y,B,Y,B,H,A,G,25,,05,D,,,,Y,C,Y,N,A,2,0,0,0,21752.0,2,,,4
2016,2016-11-23,238,11,3,2,3,N,B,Y,B,H,D,A,01,S,08,C,,,,Y,E,Y,N,D,1,0,0,0,22107.0,2,,,3
2016,2016-11-27,300,11,3,3,7,N,B,Y,C,G,D,A,01,S,03,F,,,,,I,Y,N,D,1,0,0,0,22350.0,1,41.72487044,-122.05698323,4
2016,2016-11-27,753,11,3,7,7,N,A,Y,A,H,A,A,07,N,08,F,,,,,A,Y,N,D,2,0,0,0,22107.0,1,41.74013921,-122.62683809,3
2016,2016-12-02,827,12,4,8,5,N,B,N,A,H,A,A,07,N,05,A,,,,,C,Y,N,D,1,0,0,0,21650.0,2,41.61887156,-122.39956318,4
2016,2016-11-23,1200,11,3,12,3,N,B,N,A,H,A,A,07,N,08,F,,,,,I,Y,N,D,1,0,0,0,22107.0,1,41.89799791,-122.39256442,3
2016,2016-12-06,1420,12,4,14,2,N,B,N,C,H,A,D,22,E,03,F,,,,,A,Y,N,D,1,0,0,0,22350.0,1,41.99803,-121.499,4